link,title
https://www.pehub.com/gryphon-buys-vessco/,Gryphon buys Vessco
https://www.finsmes.com/2020/11/ibm-to-acquire-instana.html,IBM To Acquire Instana
https://www.finsmes.com/2020/11/sumup-acquires-goodtill.html,SumUp Acquires Goodtill
https://www.finsmes.com/2020/11/plentific-acquires-x-tag.html,Plentific Acquires X Tag
https://www.finsmes.com/2020/11/asolvi-to-acquire-tivapp.html,Asolvi To Acquire TIVAPP
https://www.pehub.com/loral-and-telesat-to-merge/,Loral and Telesat to merge
https://www.bizjournals.com/pittsburgh/news/2020/11/18/stride-acquires-tech-elevator.html?ana=brss_1028,Stride acquires Tech Elevator
https://www.finsmes.com/2020/11/globallogic-acquires-ecs-group.html,GlobalLogic Acquires ECS Group
https://www.pehub.com/first-reserve-to-buy-goldfield/,First Reserve to buy Goldfield
http://www.globenewswire.com/news-release/2020/11/16/2127481/0/en/TrueCommerce-Acquires-B2BGateway.html,TrueCommerce Acquires B2BGateway
https://www.pehub.com/pe-backed-belcan-acquires-avista/,PE-backed Belcan acquires Avista
https://www.finsmes.com/2020/11/servicenow-to-acquire-ai-pioneer-element-ai.html,ServiceNow to Acquire Element AI
https://www.pehub.com/pe-backed-zonda-acquires-belfiore/,PE-backed Zonda acquires Belfiore
https://www.pehub.com/transom-backed-semitorr-buys-m-i-c/,Transom-backed SemiTorr buys M-I-C
https://www.pehub.com/spiceworks-ziff-davis-buys-aberdeen/,Spiceworks Ziff Davis buys Aberdeen
https://venturebeat.com/2020/11/26/salesforce-in-talks-to-acquire-slack/,Salesforce in talks to acquire Slack
https://www.pehub.com/pe-backed-canstar-buys-abk-and-norhaz/,PE-backed Canstar buys ABK and NorHaz
http://www.businesswire.com/news/home/20201116005938/en/Altium-Packaging-Acquires-SFB-Plastics/,Altium Packaging Acquires SFB Plastics
https://www.pehub.com/pe-backed-climate-pros-buys-hattenbach/,PE-backed Climate Pros buys Hattenbach
https://www.bizjournals.com/nashville/news/2020/11/20/wholecare-and-lightway-merge-companies.html?ana=brss_1028,WholeCare and LightWay merge companies
https://www.finsmes.com/2020/11/ballys-to-acquire-bet-works-for-125m.html,"Bally’s to Acquire Bet.Works, for $125M"
https://www.finsmes.com/2020/11/visa-closes-acquisition-of-yellowpepper.html,Visa Closes Acquisition of YellowPepper
http://www.globenewswire.com/news-release/2020/11/24/2133211/0/en/BlueCity-Announces-Acquisition-of-Finka.html,BlueCity Announces Acquisition of Finka
https://www.pehub.com/intact-financial-and-tryg-to-acquire-rsa/,Intact Financial and Tryg to acquire RSA
http://www.businesswire.com/news/home/20201123005649/en/Accenture-to-Acquire-End-to-End-Analytics/,Accenture to Acquire End-to-End Analytics
https://www.prnewswire.com:443/news-releases/medicus-it-acquires-clear-choice-telephones-301173913.html,Medicus IT Acquires Clear Choice Telephones
https://www.pehub.com/pe-backed-supplyone-buys-riverside-paper-co/,PE-backed SupplyOne buys Riverside Paper Co
https://www.bizjournals.com/washington/news/2020/11/23/herb-miller-sells-his-georgetown-power-house.html?ana=brss_1028,Herb Miller sells his Georgetown Power House
https://www.pehub.com/1worldsync-to-acquire-cnet-content-solutions/,1WorldSync to acquire CNET Content Solutions
http://www.globenewswire.com/news-release/2020/11/30/2136880/0/en/CSX-to-Acquire-Pan-Am-Railways-in-New-England.html,CSX to Acquire Pan Am Railways in New England
https://www.pehub.com/audax-backed-colony-hardware-buys-care-supply/,Audax-backed Colony Hardware buys Care Supply
https://www.finsmes.com/2020/11/blackrock-to-acquire-aperio-for-1-05-billion.html,"BlackRock To Acquire Aperio, for $1.05 Billion"
https://www.pehub.com/unilever-to-buy-pe-backed-smartypants-vitamins/,Unilever to buy PE-backed SmartyPants Vitamins
https://www.finsmes.com/2020/11/hellofresh-acquires-factor75-for-up-to-usd277m.html,"HelloFresh Acquires Factor75, For Up To USD277M"
https://www.pehub.com/cae-to-buy-tru-canada/,CAE to acquire TRU Simulation + Training Canada
https://www.pehub.com/audax-backed-aspen-surgical-products-buys-protek/,Audax-backed Aspen Surgical Products buys Protek
https://www.bizjournals.com/louisville/news/2020/11/20/charah-solutions-sells-subsidiary-for-40-million.html?ana=brss_1028,Charah Solutions sells subsidiary for $40 million
https://www.finsmes.com/2020/11/gan-limited-to-acquire-coolbet-for-approx-e149m.html,"Gan Limited to Acquire Coolbet, For Approx. €149M"
https://www.bizjournals.com/tampabay/news/2020/11/24/achieva-acquires-24m-hillsborough-credit-union.html?ana=brss_1028,Achieva acquires $24M Tampa Bay area credit union
http://www.globenewswire.com/news-release/2020/11/30/2136905/0/en/BRP-Group-Inc-Completes-Acquisition-of-Insgroup.html,"BRP Group, Inc. Completes Acquisition of Insgroup"
http://www.globenewswire.com/news-release/2020/11/20/2130844/0/en/Armstrong-World-Industries-Inc-to-Acquire-Arktura.html,"Armstrong World Industries, Inc. to Acquire Arktura"
https://www.bizjournals.com/chicago/news/2020/11/11/wynnchurch-capital-continues-buying-spree-with-ark.html?ana=brss_1028,It's the fourth purchase of the year for Wynnchurch.
https://www.bizjournals.com/stlouis/news/2020/11/20/esco-technologies-acquires-metal-parts-manufacture.html?ana=brss_1028,ESCO Technologies acquires metal parts manufacturers
https://www.bizjournals.com/stlouis/news/2020/11/24/emerson-acquires-technology-startup.html?ana=brss_1028,Emerson acquires technology startup 7AC Technologies
https://www.bizjournals.com/philadelphia/news/2020/11/24/fulton-bank-acquires-benefitworks.html?ana=brss_1028,Fulton Bank acquires investment advisor BenefitWorks
https://www.prnewswire.com:443/news-releases/acquisition-of-cpdqs-49-equity-stake-in-3-wind-farms-301177954.html,Acquisition of CPDQ's 49% equity stake in 3 wind farms
http://www.businesswire.com/news/home/20201123005429/en/Amentum-Completes-Acquisition-of-DynCorp-International/,Amentum Completes Acquisition of DynCorp International
https://www.pehub.com/vantage-data-centers-buys-hypertecs-data-center-business/,PE-backed Vantage buys Hypertec’s data center business
https://www.pehub.com/dpi-backed-cmgp-merges-with-comptoir-agricole-de-souss/,DPI-backed CMGP merges with Comptoir Agricole de Souss
https://www.bizjournals.com/phoenix/news/2020/11/30/ihs-markit-s-p-global-merger.html?ana=brss_1028,IHS Markit merging with S&P Global in $44 billion deal
https://www.bizjournals.com/louisville/news/2020/11/24/east-end-retail-center.html?ana=brss_1028,Newly built East End retail center sells for $3 million
http://www.businesswire.com/news/home/20201130005566/en/PPG-to-Acquire-Global-Coatings-Manufacturer-Ennis-Flint/,PPG to Acquire Global Coatings Manufacturer Ennis-Flint
https://www.bizjournals.com/sanantonio/news/2020/11/24/digerati-closes-on-two-acquisitions.html?ana=brss_1028,Digerati subsidiary acquires two Florida-based companies
https://www.pehub.com/stanhope-and-fwm-to-merge-to-form-wealth-management-firm/,Stanhope and FWM to merge to form wealth management firm
http://www.businesswire.com/news/home/20201130005623/en/NRG-Receives-FERC-Approval-for-Direct-Energy-Acquisition/,NRG Receives FERC Approval for Direct Energy Acquisition
https://www.pehub.com/lowe-capital-and-construction-safety-group-acquire-incorp/,Lowe Capital and Construction Safety Group acquire Incorp
https://www.prnewswire.com:443/news-releases/angstrom-technology-acquired-by-asgard-partners--co-301181865.html,Angstrom Technology Acquired by ASGARD Partners &amp; Co.
https://www.pehub.com/svb-financial-group-to-buy-westrivers-debt-fund-business/,SVB Financial Group to buy WestRiver’s debt fund business
https://www.bizjournals.com/newyork/news/2020/11/20/buzzfeed-acquires-huffpost-inks-deal-with-verizon.html?ana=brss_1028,"BuzzFeed acquires HuffPost, inks a deal with Verizon Media"
http://www.businesswire.com/news/home/20201120005148/en/Generational-Group-Acquires-Decker-Transformation-Advisors/,Generational Group Acquires Decker Transformation Advisors
https://www.prnewswire.com:443/news-releases/entergy-louisiana-acquires-washington-parish-energy-center-301180110.html,Entergy Louisiana Acquires Washington Parish Energy Center
https://www.pehub.com/dmb-distribution-alimentaire-buys-doctor-deli-distribution/,DMB Distribution alimentaire buys Doctor Deli Distribution
https://www.bizjournals.com/washington/news/2020/11/16/pae-returns-to-m-a-market-buying-metis-solutions.html?ana=brss_1028,"PAE inks its second acquisition in weeks, this one for $92M"
http://www.businesswire.com/news/home/20201118005316/en/EP-Wealth-Advisors-Acquires-Harris-Financial-Advisors-Inc./,"EP Wealth Advisors Acquires Harris Financial Advisors, Inc."
https://www.bizjournals.com/southflorida/news/2020/11/30/taco-metals-acquired-patrick-industries.html?ana=brss_1028,Patrick Industries acquires marine manufacturer Taco Metals
https://www.pehub.com/abris-to-acquire-polish-healthcare-network-operator-scanmed/,Abris to acquire Polish healthcare network operator Scanmed
https://www.prnewswire.com:443/news-releases/ovivo-acquires-industrial-wastewater-solutions-provider-alar-301178243.html,Ovivo Acquires Industrial Wastewater Solutions Provider ALAR
https://www.bizjournals.com/baltimore/news/2020/11/23/costar-acquires-homesnap-for-250m.html?ana=brss_1028,CoStar to acquire residential real estate platform for $250M
https://www.bizjournals.com/washington/news/2020/11/24/jacobs-acquires-reston-cyber-analytics-firm.html?ana=brss_1028,Jacobs acquires Reston cyber and intelligence analytics firm
https://www.pehub.com/blackstone-to-sell-brazilian-telecom-infrastructure-provider/,Blackstone to sell Brazilian telecom infrastructure provider
https://www.finsmes.com/2020/11/world-insurance-associates-acquires-flanagan-associates-llc.html,"World Insurance Associates Acquires Flanagan Associates, LLC"
https://www.benzinga.com/markets/cannabis/20/11/18385102/gateway-proven-strategies-to-acquire-cannabis-security-expert,Gateway Proven Strategies To Acquire Cannabis Security Expert
https://peprofessional.com/2020/11/ampersand-closes-new-fund-acquires-three-portfolio-companies/,"Ampersand Closes New Fund, Acquires Three Portfolio Companies"
https://www.pehub.com/two-circles-acquires-sports-rights-sales-business-trm-partners/,Two Circles acquires sports rights sales business TRM Partners
http://www.businesswire.com/news/home/20201120005155/en/Accenture-Acquires-Arca-to-Bolster-its-5G-Network-Capabilities/,Accenture Acquires Arca to Bolster its 5G Network Capabilities
https://www.bizjournals.com/cleveland/news/2020/11/24/transdigm-to-acquire-british-aircraft-parts-maker.html?ana=brss_1028,TransDigm to acquire Cobham Aero Connectivity for $965 million
https://www.pehub.com/cirque-du-soleil-closes-sale-with-lenders-emerges-from-creditor-protection/,Cirque du Soleil closes sale transaction with Catalyst-lenders
https://www.prnewswire.com:443/news-releases/southwire-announces-acquisition-of-american-elite-molding-aem-301173887.html,Southwire Announces Acquisition of American Elite Molding (AEM)
http://www.businesswire.com/news/home/20201120005668/en/Wheelock-Street-Capital-Announces-Acquisition-of-Hotel-Contessa/,Wheelock Street Capital Announces Acquisition of Hotel Contessa
https://www.bizjournals.com/memphis/news/2020/11/18/adaptec-solutions-buys-integrated-solutions.html?ana=brss_1028,"NC's Adaptec buys Memphis industrial firm, will retain employees"
https://www.prnewswire.com:443/news-releases/rv-retailer-llc-expands-into-utah-with-acquisition-of-sierra-rv-301179045.html,"RV Retailer, LLC Expands into Utah with Acquisition of Sierra RV"
https://www.bizjournals.com/baltimore/news/2020/11/24/mccormick-expects-sales-to-heat-up-with-deal.html?ana=brss_1028,McCormick expects sales growth to soar with $800M hot sauce deal
http://www.businesswire.com/news/home/20201124005443/en/Splunk-to-Acquire-Network-Performance-Monitoring-Leader-Flowmill/,Splunk to Acquire Network Performance Monitoring Leader Flowmill
https://www.bizjournals.com/kansascity/news/2020/11/30/plaza-street-partners-llc-three-gas-stations.html?ana=brss_1028,Prairie Village company buys Florida gas stations for $3 million
http://www.businesswire.com/news/home/20201123005459/en/EnPro-Announces-Completion-of-Sale-of-STEMCO-Air-Springs-Business/,EnPro Announces Completion of Sale of STEMCO Air Springs Business
https://venturebeat.com/2020/11/30/facebook-acquires-marketing-messaging-automation-startup-kustomer/,Facebook acquires messaging marketing automation startup Kustomer
http://www.businesswire.com/news/home/20201130005431/en/Validant-Acquires-IDEC-a-Leading-Regulatory-Consultancy-in-Japan/,"Validant Acquires IDEC, a Leading Regulatory Consultancy in Japan"
http://www.businesswire.com/news/home/20201116005367/en/Aspen-Dental-Management-to-Acquire-ClearChoice-Management-Services/,Aspen Dental Management to Acquire ClearChoice Management Services
https://www.bizjournals.com/columbus/news/2020/11/20/wendys-leading-bid-to-acquire-struggling-franchis.html?ana=brss_1028,Wendy's leading bid to acquire struggling franchisee's restaurants
http://www.businesswire.com/news/home/20201118005204/en/Sun-Capital-Partners-Affiliate-to-Acquire-Miami-Beach-Medical-Group/,Sun Capital Partners Affiliate to Acquire Miami Beach Medical Group
https://www.bizjournals.com/cleveland/news/2020/11/23/mai-capital-management-buys-st-louis-based-financ.html?ana=brss_1028,MAI Capital Management buys St. Louis-based financial planning firm
https://techcrunch.com/2020/11/30/everyaction-acquires-mobilize/?utm_source=feedburner&utm_medium=feed&utm_campaign=Feed%3A+Techcrunch+%28TechCrunch%29,"EveryAction acquires Mobilize, the Democratic volunteering platform"
http://www.globenewswire.com/news-release/2020/11/20/2131031/0/en/mdf-commerce-announces-closing-of-the-acquisition-of-Vendor-Registry.html,mdf commerce announces closing of the acquisition of Vendor Registry
https://www.bizjournals.com/pittsburgh/news/2020/11/30/cleveland-cliffs-moves-forward-with-acquisition-of.html?ana=brss_1028,Cleveland-Cliffs moves forward with acquisition of ArcelorMittal USA
http://www.businesswire.com/news/home/20201130005490/en/Paceline-Equity-Partners-to-Acquire-Manufacturer-of-Fittings-Devices/,Paceline Equity Partners to Acquire Manufacturer of Fittings Devices
https://www.bizjournals.com/chicago/inno/stories/news/2020/11/16/paylocity-acquires-workplace-software-startup.html?ana=brss_1028,Paylocity acquires workplace software startup as remote work persists
https://www.bizjournals.com/memphis/news/2020/11/16/exegistics-acquires-unit-of-versant-supply-chain.html?ana=brss_1028,Illinois-based company acquires staffing unit of Versant Supply Chain
https://www.bizjournals.com/milwaukee/news/2020/11/20/georgias-high-road-craft-buys-wisconsin-plant.html?ana=brss_1028,Georgia craft ice cream maker acquires Three Twins plant in Sheboygan
https://www.bizjournals.com/pittsburgh/news/2020/11/23/geneva-lake-home-sells-for-6-million.html?ana=brss_1028,Home reminiscent of Frank Lloyd Wright’s 'Fallingwater' sells for $6M
https://www.bizjournals.com/boston/news/2020/11/24/analog-devices-bets-on-5g-looks-to-close-maxim-ac.html?ana=brss_1028,"Analog Devices bets on 5G, looks to close Maxim acquisition next year"
https://www.bizjournals.com/triad/news/2020/11/21/fortnite-maker-epic-games-acquires-hyprsense.html?ana=brss_1028,Epic Games adds real-time facial animation technology with acquisition
https://www.prnewswire.com:443/news-releases/penske-logistics-to-acquire-trucking-company-black-horse-carriers-inc-301181876.html,"Penske Logistics to Acquire Trucking Company Black Horse Carriers, Inc."
https://www.bizjournals.com/kansascity/news/2020/11/23/wendys-leading-bid-to-acquire-struggling-franchis.html?ana=brss_1028,Group led by Wendy's bids to buy NPC International's Wendy's restaurants
https://www.bizjournals.com/sanfrancisco/news/2020/11/18/phoenix-public-relations-off-madison-ave.html?ana=brss_1028,San Francisco public relations agency Fineman PR acquired by Phoenix firm
https://www.bizjournals.com/portland/news/2020/11/23/phoenix-sunstate-equipment-acquisition.html?ana=brss_1028,Phoenix firm to acquire 2 Pacific Northwest construction safety companies
https://www.bizjournals.com/memphis/news/2020/11/23/bill-townsend-buys-memphis-marinades.html?ana=brss_1028,"Food industry veteran buys local marinades company, sets sights on growth"
http://www.globenewswire.com/news-release/2020/11/23/2131764/0/en/Natus-Medical-Announces-Acquisition-of-Innovative-Newborn-Care-Technology.html,Natus Medical Announces Acquisition of Innovative Newborn Care Technology
http://www.businesswire.com/news/home/20201124005212/en/ZEDRA-Rebrands-London-Acquisition-Unveiling-New-Global-Expansion-Service/,"ZEDRA Rebrands London Acquisition, Unveiling New Global Expansion Service"
https://www.bizjournals.com/houston/news/2020/11/30/terra-energy-ursa-piceance-natural-gas-bankruptcy.html?ana=brss_1028,Houston's Terra Energy Partners buys Ursa Resources business in $60M deal
https://www.prnewswire.com:443/news-releases/magnetar-extends-renewables-portfolio-through-acquisition-of-vesper-energy-301173820.html,Magnetar Extends Renewables Portfolio through Acquisition of Vesper Energy
https://www.bizjournals.com/tampabay/news/2020/11/18/tampa-based-dental-insurance-company-acquired-by-i.html?ana=brss_1028,Tampa dental insurance company acquired by Indianapolis investment company
http://www.businesswire.com/news/home/20201123006182/en/HomeServe-HVAC-Growth-Continues-with-Acquisition-of-Arizona%E2%80%99s-Dukes-of-Air/,HomeServe HVAC Growth Continues with Acquisition of Arizona’s Dukes of Air
https://www.bizjournals.com/baltimore/news/2020/11/16/marlin-steel-acquires-bawfc-doubles-factory-space.html?ana=brss_1028,"Marlin Steel acquires nearby wire handle maker, plans big factory expansion"
http://feedproxy.google.com/~r/Techcrunch/~3/n_Sq2t4A5EE/,Onit acquires legal startup McCarthyFinch to inject AI into legal workflows
https://www.bizjournals.com/portland/news/2020/11/20/cdsg-buys-digistor.html?ana=brss_1028,Vancouver-based digital storage maker CDSG buys Digistor to boost portfolio
http://www.businesswire.com/news/home/20201116005119/en/Duravant-To-Acquire-Cloud-Packaging-Solutions-from-Hearthside-Food-Solutions/,Duravant To Acquire Cloud Packaging Solutions from Hearthside Food Solutions
http://www.businesswire.com/news/home/20201120005166/en/GE-Healthcare-Pioneers-Photon-Counting-CT-with-Prismatic-Sensors-Acquisition/,GE Healthcare Pioneers Photon Counting CT with Prismatic Sensors Acquisition
http://feedproxy.google.com/~r/Techcrunch/~3/DMFlqG3yrV8/,"Vista acquires Gainsight for $1.1B, adding to its growing enterprise arsenal"
https://www.bizjournals.com/cincinnati/news/2020/11/16/graphic-village-buys-advanced-printing.html?ana=brss_1028,One of Cincinnati's fastest-growing companies makes third acquisition of 2020
https://www.bizjournals.com/columbus/news/2020/11/23/scotts-miracle-gro-completes-aerogrow-acquisition.html?ana=brss_1028,Scotts Miracle-Gro completes acquisition of company that makes home-grow kits
https://www.bizjournals.com/dallas/news/2020/11/21/topgolf-callaway.html?ana=brss_1028,"Topgolf CEO discusses merger with Callaway, continued international expansion"
https://www.bizjournals.com/louisville/news/2020/11/24/topgolf-callaway.html?ana=brss_1028,"Topgolf CEO discusses merger with Callaway, continued international expansion"
https://www.pehub.com/clearlake-aurora-backed-zywave-agrees-to-acquire-insurance-technologies-corp/,"Clearlake, Aurora-backed Zywave agrees to acquire Insurance Technologies Corp"
https://www.pehub.com/sycamore-to-buy-ann-taylor-lane-bryant-and-other-store-brands-for-540m-wsj/,"Sycamore to buy Ann Taylor, Lane Bryant and other store brands for $540m: WSJ"
https://www.bizjournals.com/charlotte/news/2020/11/18/evans-food-group-buys-land-expansion.html?ana=brss_1028,Evans Food Group acquires land in Kings Mountain for its $24 million expansion
http://feedproxy.google.com/~r/Techcrunch/~3/W5_C9Njx2yc/,"Snap acquired Voisey, an app to create music tracks overlaying your own vocals"
http://www.globenewswire.com/news-release/2020/11/20/2130970/0/en/Global-Water-Resources-Acquires-Francesca-Water-Company-in-Pima-County-Arizona.html,"Global Water Resources Acquires Francesca Water Company in Pima County, Arizona"
http://www.businesswire.com/news/home/20201123006179/en/Green-Relief-Announces-New-Ownership-with-Plans-to-Expand-Medical-Cannabis-Line/,Green Relief Announces New Ownership with Plans to Expand Medical Cannabis Line
https://www.bizjournals.com/chicago/news/2020/11/23/kemper-buys-downers-grove-insurance-company-for-3.html?ana=brss_1028,Kemper buys insurance company American Access Casualty Company for $370 million
https://www.benzinga.com/markets/cannabis/20/11/18574066/fire-flower-adds-another-store-in-ontario-buys-quad-nine-investments-for-900k,"Fire Flower Adds Another Store In Ontario, Buys Quad Nine Investments For $900K"
http://www.businesswire.com/news/home/20201118006023/en/ICON-Information-Consultants-Acquires-Vendorpass-From-Adecco-Group-North-America/,ICON Information Consultants Acquires Vendorpass From Adecco Group North America
https://www.bizjournals.com/columbus/news/2020/11/24/quantum-health-adds-to-private-equity-owner-group.html?ana=brss_1028,New York private equity firm Warburg Pincus joins Quantum Health ownership group
http://www.businesswire.com/news/home/20201130005832/en/Change-Healthcare-Announces-Sale-of-Capacity-Management-Business-to-HealthStream/,Change Healthcare Announces Sale of Capacity Management Business to HealthStream
https://www.bizjournals.com/dallas/news/2020/11/27/cambium-learning-rosetta-stone.html?ana=brss_1028,"Even after massive Rosetta Stone acquisition, this DFW company won't 'sit still'"
https://www.bizjournals.com/kansascity/news/2020/11/20/oakstar-merger-communityfirst-kansas-springfield.html?ana=brss_1028,OakStar Bancshares grows its KC presence through merger with Community First Bank
https://www.bizjournals.com/dallas/news/2020/11/30/diodes-lite-on-semiconductor.html?ana=brss_1028,Plano tech firm – after more than 15 months – completes roughly $450M acquisition
https://www.bizjournals.com/denver/news/2020/11/18/shine-wealth-partners-acquired-captrust.html?ana=brss_1028,Denver investment advisory firm acquired by NC company with $400B in client assets
https://www.prnewswire.com:443/news-releases/intellectual-property-assets-of-kidville-childrens-enrichment-brand-are-for-sale-301179115.html,"Intellectual Property Assets of Kidville, Children's Enrichment Brand, Are For Sale"
http://www.businesswire.com/news/home/20201120005146/en/Veristat-Expands-Pharmacovigilance-and-Safety-Services-with-Acquisition-of-Certus-PV/,Veristat Expands Pharmacovigilance and Safety Services with Acquisition of Certus PV
https://www.bizjournals.com/southflorida/news/2020/11/23/vertical-bridge-acquires-eco-site.html?ana=brss_1028,Cell tower company Vertical Bridge acquires wireless infrastructure builder Eco-Site
https://www.finsmes.com/2020/11/francisco-partners-to-acquire-international-business-of-cdk-global-for-1-45-billion.html,Francisco Partners to Acquire International Business of CDK Global for $1.45 Billion
http://www.globenewswire.com/news-release/2020/11/18/2129160/0/en/OneWater-Marine-Inc-Announces-Definitive-Agreement-to-Acquire-Tom-George-Yacht-Group.html,OneWater Marine Inc. Announces Definitive Agreement to Acquire Tom George Yacht Group
https://www.prnewswire.com:443/news-releases/view-the-leader-in-smart-windows-to-merge-with-cf-finance-acquisition-corp-ii-301181897.html,"SPAC, View, the leader in Smart Windows, to Merge with CF Finance Acquisition Corp. II"
https://www.finsmes.com/2020/11/intuit-and-credit-karma-receive-cleared-from-department-of-justice-for-proposed-merger.html,Intuit and Credit Karma Receive Cleared from Department of Justice for Proposed Merger
http://www.globenewswire.com/news-release/2020/11/23/2131937/0/en/Kelly-Acquires-Specialty-Education-Executive-Search-Firm-Greenwood-Asher-Associates.html,"Kelly® Acquires Specialty Education Executive Search Firm, Greenwood/Asher & Associates"
http://www.businesswire.com/news/home/20201124006007/en/BevCanna-to-Acquire-Established-Beverage-Company-Naturo-Group-With-Over-35M-in-Assets/,"BevCanna to Acquire Established Beverage Company, Naturo Group, With Over $35M in Assets"
http://www.globenewswire.com/news-release/2020/11/24/2133188/0/en/ShotSpotter-Finalizes-Acquisition-of-Leeds-Maker-of-CrimeCenter-Investigative-Software.html,"ShotSpotter Finalizes Acquisition of Leeds, Maker of CrimeCenter™ Investigative Software"
http://www.businesswire.com/news/home/20201124005652/en/Transaction-Data-Systems-Acquires-KloudScript-a-Cloud-Based-Specialty-Pharmacy-Solution/,"Transaction Data Systems Acquires KloudScript, a Cloud-Based Specialty Pharmacy Solution"
http://www.globenewswire.com/news-release/2020/11/30/2136879/0/en/Black-Diamond-Accelerates-Modular-Space-Solutions-Growth-with-Strategic-U-S-Acquisition.html,Black Diamond Accelerates Modular Space Solutions Growth with Strategic U.S. Acquisition
http://www.businesswire.com/news/home/20201116005291/en/Camping-World-Announces-Entry-Into-North-Dakota-with-Agreement-to-Acquire-Outlet-Recreation/,Camping World Announces Entry Into North Dakota with Agreement to Acquire Outlet Recreation
http://www.businesswire.com/news/home/20201116005695/en/WILsquare-Capital-Expands-Space-Efficiency-Platform-Through-Acquisition-of-EverBlock-Systems/,WILsquare Capital Expands Space Efficiency Platform Through Acquisition of EverBlock Systems
http://www.businesswire.com/news/home/20201116005327/en/Hartree-Refining-Company-Completes-Acquisition-of-Channelview-Splitter-and-Terminal-Business/,Hartree Refining Company Completes Acquisition of Channelview Splitter and Terminal Business
https://www.bizjournals.com/houston/news/2020/11/16/houston-bbva-usa-pnc-acquisition-houston-market.html?ana=brss_1028,Expert: PNC's $11.6B acquisition of BBVA USA will bring significant changes to Houston market
http://www.globenewswire.com/news-release/2020/11/24/2133022/0/en/Aptean-to-Add-Product-Lifecycle-Management-to-its-Solution-Suite-Through-Acquisition-of-Lascom.html,Aptean to Add Product Lifecycle Management to its Solution Suite Through Acquisition of Lascom
http://www.businesswire.com/news/home/20201118005992/en/Great-Day-Improvements-LLC-One-of-Nation%E2%80%99s-Largest-Remodelers-Acquires-Apex-Energy-Solutions/,"Great Day Improvements, LLC, One of Nation’s Largest Remodelers, Acquires Apex Energy Solutions"
http://www.businesswire.com/news/home/20201123005396/en/WhiteWater-Express-Car-Wash-Reaches-20-Locations-Through-Acquisition-and-Greenfield-Development/,WhiteWater Express Car Wash Reaches 20 Locations Through Acquisition and Greenfield Development
http://www.globenewswire.com/news-release/2020/11/30/2136841/0/en/Charlesbank-Forms-Bridges-Consumer-Healthcare-Acquires-ThermaCare-from-GSK-Consumer-Healthcare.html,"Charlesbank Forms Bridges Consumer Healthcare, Acquires ThermaCare from GSK Consumer Healthcare"
http://www.businesswire.com/news/home/20201130005064/en/J.D.-Power-Poised-to-Set-New-Vision-for-Automotive-Forecasting-After-Completing-ALG-Acquisition/,J.D. Power Poised to Set New Vision for Automotive Forecasting After Completing ALG Acquisition
http://www.businesswire.com/news/home/20201130005823/en/DPW-Holdings%E2%80%99-Gresham-Worldwide-Global-Defense-Business-Acquires-Relec-Electronics-Ltd-in-the-UK/,DPW Holdings’ Gresham Worldwide Global Defense Business Acquires Relec Electronics Ltd in the UK
http://www.businesswire.com/news/home/20201118005280/en/REMINDER-Akers-Biosciences-Schedules-Conference-Call-to-Discuss-Merger-with-MyMD-Pharmaceuticals/,REMINDER: Akers Biosciences Schedules Conference Call to Discuss Merger with MyMD Pharmaceuticals
https://www.bizjournals.com/triad/news/2020/11/19/liquidia-closes-on-acquisition-of-raregen-pah.html?ana=brss_1028,Liquidia closes on all-stock merger with Durham firm to enhance treatment for high blood pressure
http://www.businesswire.com/news/home/20201124005266/en/Camping-World-Holdings-Announces-Deal-to-Acquire-Paul-Sherry-RV-in-the-Greater-Dayton-Ohio-Market/,"Camping World Holdings Announces Deal to Acquire Paul Sherry RV in the Greater Dayton, Ohio Market"
https://www.prnewswire.com:443/news-releases/third-point-re-shareholders-approve-issuance-of-shares-and-sirius-group-shareholders-approve-merger-301180113.html,Third Point Re Shareholders Approve Issuance of Shares and Sirius Group Shareholders Approve Merger
https://techcrunch.com/2020/11/24/kahoot-drops-50m-on-drops-to-add-language-learning-to-its-gamified-education-stable/,"Kahoot! acquired Drops, a Tallinn, Estonia-based language learning platform, for up to $50 million."
http://www.businesswire.com/news/home/20201130005771/en/The-Cohesive-Companies-Announce-the-Acquisition-of-UK-based-Maximo-Solutions-Provider-SRO-Solutions/,The Cohesive Companies Announce the Acquisition of UK-based Maximo Solutions Provider SRO Solutions
http://www.globenewswire.com/news-release/2020/11/16/2127443/0/en/UFP-Industries-expands-construction-capabilities-with-the-acquisition-of-three-New-England-companies.html,UFP Industries expands construction capabilities with the acquisition of three New England companies
https://www.prnewswire.com:443/news-releases/paramit-corporation-expands-capabilities-and-geographic-footprint-with-acquisition-of-emphysys-inc-301180044.html,"Paramit Corporation Expands Capabilities and Geographic Footprint with Acquisition of Emphysys, Inc."
http://www.globenewswire.com/news-release/2020/11/16/2127442/0/en/Genius-Brands-International-Announces-Strategic-Acquisition-of-ChizComm-Ltd-and-ChizComm-Beacon-Media.html,Genius Brands International Announces Strategic Acquisition of ChizComm Ltd. and ChizComm Beacon Media
https://www.bizjournals.com/stlouis/news/2020/11/16/wilsquare-capital-adds-to-building-capabilities.html?ana=brss_1028,St. Louis private equity firm WILsquare Capital adds to building capabilities with New York acquisition
http://www.businesswire.com/news/home/20201120005684/en/Colony-Capital-Portfolio-Company-Vantage-Data-Centers-Acquires-Hypertec%E2%80%99s-Hyperscale-Data-Center-Business/,Colony Capital Portfolio Company Vantage Data Centers Acquires Hypertec’s Hyperscale Data Center Business
http://www.businesswire.com/news/home/20201123005863/en/Elion-Partners-Acquires-Four-Last-Mile-Industrial-Assets-Expanding-Last-Mile-Portfolio-Across-West-Coast/,"Elion Partners Acquires Four Last-Mile Industrial Assets, Expanding Last-Mile Portfolio Across West Coast"
https://www.bizjournals.com/houston/news/2020/11/20/astros-moving-triple-a-franchise-to-sugar-land.html?ana=brss_1028,"It's official: Astros moving Triple A franchise to Sugar Land, will acquire majority ownership of Skeeters"
http://www.globenewswire.com/news-release/2020/11/16/2127477/0/en/Minuteman-Press-South-Hills-Franchise-Acquires-Greentree-Printing-and-Sign-and-Relocates-to-Green-Tree-Area.html,Minuteman Press South Hills Franchise Acquires Greentree Printing and Sign and Relocates to Green Tree Area
https://www.benzinga.com/markets/cannabis/20/11/18383869/earnings-update-helix-touts-pivotal-quarter-mentor-capital-posts-net-loss-acquired-sales-revenue,"Earnings Update: Helix Touts 'Pivotal Quarter', Mentor Capital Posts Net Loss, Acquired Sales Revenue Jumps"
"https://www.barrons.com/articles/nexi-in-9-billion-deal-to-create-a-european-payments-giant-51605549360#:~:text=Nexi%20has%20clinched%20another%20deal,payments%20company%2C%20for%20%245.4%20billion.","Nexi will acquire Nets, a Danish payments company, for €7.8 billion ($9.3 billion) from Hellman & Friedman."
http://www.businesswire.com/news/home/20201130005355/en/J.B.-Hunt-Announces-Acquisition-of-Mass-Movement-Inc.-Its-Fourth-to-Expand-Final-Mile-Services-Since-2017/,"J.B. Hunt Announces Acquisition of Mass Movement, Inc., Its Fourth to Expand Final Mile Services Since 2017"
http://www.businesswire.com/news/home/20201130005529/en/Blackstone-Announces-Agreement-to-Acquire-DCI-a-Pioneer-in-Technology-driven-Quantitative-Credit-Investing/,"Blackstone Announces Agreement to Acquire DCI, a Pioneer in Technology-driven, Quantitative Credit Investing"
http://www.globenewswire.com/news-release/2020/11/16/2127441/0/en/Navios-Maritime-Partners-L-P-Announces-Offer-to-Acquire-Outstanding-Units-of-Navios-Maritime-Containers-L-P.html,Navios Maritime Partners L.P. Announces Offer to Acquire Outstanding Units of Navios Maritime Containers L.P.
http://www.businesswire.com/news/home/20201115005156/en/Foundation-Building-Materials-Inc.-Enters-Into-Definitive-Agreement-to-Be-Acquired-by-American-Securities-LLC/,"Foundation Building Materials, Inc. Enters Into Definitive Agreement to Be Acquired by American Securities LLC"
http://www.globenewswire.com/news-release/2020/11/23/2131789/0/en/Energy-and-Water-Development-Corp-to-Acquire-Hamburg-Property-to-Showcase-Its-CO2-Free-Assembling-Manufactory.html,Energy and Water Development Corp. to Acquire Hamburg Property to Showcase Its CO2-Free Assembling Manufactory
https://www.rinse.com/blog/rinse/rinse-acquires-dryv/,"Rinse acquired Dryv, a Chicago-based on-demand dry cleaning and laundry provider backed by Breakpoint Ventures."
https://www.prnewswire.com:443/news-releases/optimas-manufacturing-solutions-offers-cold-forming-engineered-fasteners-and-components-through-direct-oem-sales-301181638.html,Optimas Manufacturing Solutions Offers Cold-Forming Engineered Fasteners and Components Through Direct OEM Sales
http://www.businesswire.com/news/home/20201118005133/en/Ascent-Dips-Into-%C2%A375M-War-Chest-to-Acquire-One-of-the-UK%E2%80%99s-Largest-Data-Science-Consulting-Firms-Mango-Solutions/,"Ascent Dips Into £75M War Chest to Acquire One of the UK’s Largest Data Science Consulting Firms, Mango Solutions"
http://www.businesswire.com/news/home/20201116005090/en/Centauri-Health-Solutions-Adds-Referral-Management-and-Analytics-Capabilities-with-Acquisition-of-Ivy-Ventures-LLC/,"Centauri Health Solutions Adds Referral Management and Analytics Capabilities with Acquisition of Ivy Ventures, LLC"
http://www.globenewswire.com/news-release/2020/11/30/2136915/0/en/Woodbridge-International-Closes-Sale-of-Warehouse-Technology-Inc-to-The-Miner-Corporation-and-Harvest-Partners-LP.html,"Woodbridge International Closes Sale of Warehouse Technology, Inc. to The Miner Corporation and Harvest Partners, LP"
https://www.adexchanger.com/privacy/telenor-sells-tapad-to-experian-for-280-million/,"Experian acquired Tapad, a New York-based provider of digital identity solutions for about $280 million from Telenor."
https://www.analyzemarkets.com/en/intelligence/u-s-buyout-firm-rhone-capital-acquires-minority-stake-in-italian-coffee-maker-illycaffe,"Rhône Capital acquired a minority stake in illycaffè S.p.A., an Italy-based coffee brand. Financial terms weren't disclosed."
http://www.businesswire.com/news/home/20201118005055/en/Driven-Brands-Car-Wash-North-America-Emerges-in-the-Atlanta-Suburbs-With-Acquisition-of-Fast-Trac-Car-Wash-and-Hometown-Car-Wash/,Driven Brands Car Wash North America Emerges in the Atlanta Suburbs With Acquisition of Fast Trac Car Wash and Hometown Car Wash
http://www.globenewswire.com/news-release/2020/11/30/2136654/0/en/Collectors-Universe-to-be-Acquired-by-Investor-Group-Led-by-Entrepreneur-and-Collector-Nat-Turner-for-Approximately-700-Million.html,Collectors Universe to be Acquired by Investor Group Led by Entrepreneur and Collector Nat Turner for Approximately $700 Million
http://www.businesswire.com/news/home/20201124005736/en/AM-Best-Comments-on-Credit-Ratings-of-Kemper-Corporation-Following-Announcement-of-Acquisition-of-American-Access-Casualty-Company/,AM Best Comments on Credit Ratings of Kemper Corporation Following Announcement of Acquisition of American Access Casualty Company
http://www.businesswire.com/news/home/20201130005644/en/MidOcean-Partners-Acquires-FullSpeed-Automotive-a-Leading-Platform-in-Auto-Aftermarket-Services/,"just made a acquisition in Nov 3rd MidOcean Partners Acquires FullSpeed Automotive, a Leading Platform in Auto Aftermarket Services"
https://www.bizjournals.com/sanjose/news/2020/11/11/barracuda-networks-fyde-acquisition.html?ana=brss_1028,"The Campbell security, networking and storage provider has quietly bought Fyde, Barracuda Networks announced early Wednesday morning."
"https://www.investegate.co.uk/inspecs-group-plc/rns/proposed-acquisition-of-eschenbach-holding-gmbh/202011190700078480F/#:~:text=Inspecs%20Group%20plc%2C%20a%20leading,(the%20%22Consideration%22).","Inspecs Group agreed to acquire Eschenbach Holding, a German provider of eyewear. Eschenbach is backed by  Equistone Partners Europe."
https://www.bloomberg.com/news/articles/2020-11-24/insurer-metromile-reaches-spac-merger-deal?srnd=deals,"SPAC  Metromile, a Tempe, Ariz.-based pay-per-mile auto insurer, agreed to go public via a reverse merger with INSU Acquisition Corp. II"
https://www.bloomberg.com/news/articles/2020-11-18/u-k-chemical-producer-croda-is-said-to-scout-for-acquisitions,"Croda agreed to acquire Eurazeo Capital’s stake in Iberchem, a Spain-based maker of sunblocks, for about 820 million euros ($973 million)."
https://www.businesswire.com/news/home/20200910005477/en/Baring-Private-Equity-Asia-to-Acquire-Virtusa-for-51.35-Per-Share-in-All-Cash-Transaction-Valued-at-2.0-Billion,"Baring Private Equity Asia will acquire Virtusa (Nasdaq: VRTU), a Southborough, Mass.-based information tech company for about $2 billion."
https://www.bizjournals.com/charlotte/news/2020/11/30/tech-firm-tkxs-changing-agriculture-telus-canada.html?ana=brss_1028,"Vancouver-based TELUS (NYSE: TU), a communications and information technology firm, acquired North Carolina-based TKXS Inc. in August 2019."
http://www.globenewswire.com/news-release/2020/11/18/2129439/0/en/Arrival-the-company-creating-electric-vehicles-with-its-game-changing-technologies-to-list-on-NASDAQ-through-merger-with-CIIG-Merger-Corp.html,"Arrival, the company creating electric vehicles with its game-changing technologies, to list on NASDAQ through merger with CIIG Merger Corp."
https://www.bloomberg.com/news/articles/2020-11-19/nasdaq-to-buy-anti-fraud-firm-verafin-for-2-75-billion-in-cash,"Nasdaq agreed to acquire Verafin, a Canadian money laundering and fraud prevention company, for $2.8 billion. Spectrum Equity backs Verafin."
https://www.bloomberg.com/news/articles/2020-11-29/perella-weinberg-nears-merger-with-spac-sponsored-by-betsy-cohen?srnd=deals,"Perella Weinberg Partners is in talks to go public via merger with FinTech Acquisition Corporation IV, a SPAC set up by Betsy Cohen. Read more."
https://www.reuters.com/article/us-asiana-airlines-m-a/hanjin-kal-to-buy-asiana-airlines-after-getting-724-million-kdb-injection-yonhap-idUSKBN27W04W,"Hanjin Kal (KS:180640), owner of Korean Air Lines, may acquire Asiana Airlines, (KS:020560)m a South Korea-based airline, per Yonhap. Read more."
https://www.prnewswire.com:443/news-releases/therabody-announces-its-acquisition-of-rp-sports-the-industry-leader-in-clinical-pneumatic-compression-and-the-launch-of-the-recovery-lounge-301173593.html,"Therabody™ Announces Its Acquisition Of RP Sports®, The Industry Leader In Clinical Pneumatic Compression, And The Launch Of The Recovery Lounge®"
https://www.prnewswire.com/news-releases/galaxy-digital-expands-global-crypto-trading-business-with-acquisitions-of-drawbridge-lending-and-blue-fire-capital-301172716.html,"Galaxy Digital (TSX: GLXY) acquired DrawBridge Lending and Blue Fire Capital, two cryptocurrency trading firms. Financial terms weren't disclosed."
https://www.reuters.com/article/us-postmates-m-a-uber/uber-expects-postmates-deal-to-close-by-year-end-after-regulatory-nod-idUSKBN27Q2E5,"Uber Technologies $2.7 billion acquisition of Postmates, the food delivery company received the go-ahead from the U.S. Justice Department. Read more."
https://www.pehub.com/bc-partners-to-buy-keesing-media-group/,"BC Partners agreed to acquire Keesing Media Group, a European maker of puzzle games, from Ergon Capital and Mediahuis. Financial terms weren't disclosed."
"https://www.pionline.com/esg/deutsche-boerse-acquire-80-stake-iss#:~:text=Deutsche%20Boerse%20AG%20is%20buying,closing%20conditions%20and%20regulatory%20approvals.","The Deutsche Boerse plans to acquire a 80% stake in Institutional Shareholder Services , a Rockville, Md.-based ESG data provider, for about $1.8 billion."
http://www.businesswire.com/news/home/20201124005358/en/CI-Financial-to-Acquire-Majority-Interest-in-RGT-Wealth-Advisors-a-Leading-Texas-Based-Wealth-Management-Firm-with-Approximately-US4.7-Billion-in-Assets/,"CI Financial to Acquire Majority Interest in RGT Wealth Advisors, a Leading Texas-Based Wealth Management Firm with Approximately US$4.7 Billion in Assets"
https://main.nl/insights/main-capital-acquires-majority-stake-in-identity-access-management-solution-provider-pointsharp/,"Main Capital Partners acquired a majority stake in Pointsharp, a Stockholm-based provider of identity management services. Financial terms weren't disclosed."
https://fortune.com/newsletter/termsheet/,"Trace4, a portfolio company of H.I.G. Capital, acquired Groupware Technology, a Campbell, Calif.-based IT solutions provider. Financial terms weren't disclosed."
https://www.prnewswire.com/news-releases/autoquotes-announces-acquisition-of-axonom-a-digital-platform-for-visual-configuration-of-b2b-finished-products-301177181.html,"AutoQuotes, backed by Luminate Capital Partners, acquired Axonom, a Minnesota-based provider of virtual reality technologies. Financial terms weren't disclosed."
https://www.wfmz.com/news/pr_newswire/pr_newswire_business/clearlake-to-acquire-wellpet-a-branded-leader-in-premium-natural-pet-food-and-treats/article_a585ed15-66ad-528b-a121-7949fe3d0fa2.html,"Clearlake Capital Group agreed to acquire The Wellness Pet Food Holdings Company, a pet foods brand, from Berwind Corporation. Financial terms weren't disclosed."
http://www.businesswire.com/news/home/20201118005964/en/Peugeot-S.A.-and-Fiat-Chrysler-Automobiles-N.V.-Shareholders-Meetings-to-Approve-Their-Merger-Transaction-to-Create-Stellantis-Will-Be-Held-on-4-January-2021/,Peugeot S.A. and Fiat Chrysler Automobiles N.V. Shareholders&apos; Meetings to Approve Their Merger Transaction to Create Stellantis Will Be Held on 4 January 2021
https://www.bloomberg.com/news/articles/2020-11-27/suning-com-is-said-to-mull-e-commerce-business-stake-sale?srnd=deals,"Suning.com, the Chinese home goods retailer, is considering selling a stake in its e-commerce business that could value the segment at about $6 billion. Read more."
http://www.globenewswire.com/news-release/2020/11/18/2129204/0/en/Routemaster-Capital-Enters-Into-Definitive-Agreement-to-Acquire-49-Interest-in-DeFi-Holdings-Inc-a-Company-Pursuing-Investments-in-the-Decentralized-Finance-Market.html,"Routemaster Capital Enters Into Definitive Agreement to Acquire 49% Interest in DeFi Holdings Inc., a Company Pursuing Investments in the Decentralized Finance Market"
"https://www.paymentsjournal.com/lovell-minnick-backed-billhighway-acquires-impexium-to-offer-more-options-to-member-based-organizations/#:~:text=TROY%2C%20Mich.%2C%20Nov.,better%20serve%20the%20Association%20market.","Billhighway, backed by Lovell Minnick Partners, acquired Impexium, a McLean, Va.-based maker of software for managing associations. Financial terms weren't disclosed."
http://www.businesswire.com/news/home/20201124005792/en/Subversive-Capital-Acquisition-Corp.-the-Largest-Cannabis-SPAC-in-History-Announces-Transaction-with-Shawn-%E2%80%9CJAY-Z%E2%80%9D-Carter-Roc-Nation-Caliva-and-Left-Coast-Ventures/,"Subversive Capital Acquisition Corp., the Largest Cannabis SPAC in History, Announces Transaction with Shawn “JAY-Z” Carter, Roc Nation, Caliva and Left Coast Ventures"
https://www.prnewswire.com:443/news-releases/nordic-semiconductor-expands-into-wi-fi-by-acquiring-the-entire-wi-fi-development-team-core-wi-fi-expertise-and-wi-fi-ip-tech-assets-of-imagination-technologies-group-301181665.html,"Nordic Semiconductor expands into Wi-Fi by acquiring the entire Wi-Fi development team, core Wi-Fi expertise, and Wi-Fi IP tech assets of Imagination Technologies Group"
https://www.mediapost.com/publications/article/357896/wunderkind-to-acquire-smarterhq-segmentation-firm.html,"Wunderkind, formerly BounceX, plans to acquire SmarterHQ, an Indianapolis-based provider of a marketing platform. SmarterHQ was backed by investors including Battery Ventures."
https://www.reuters.com/article/us-saudi-telecom-m-a-western-union/western-union-buys-15-stake-in-saudi-telecoms-digital-payment-unit-idUSKBN2810QD,"Western Union acquired a 15% stake in stc pay, the digital unit of Saudi Arabia’s STC Group, for $200 million. It values the firm at 5 billion riyals ($1.3 billion). Read more."
http://www.businesswire.com/news/home/20201130005465/en/The-Lion-Electric-Company-and-Northern-Genesis-Acquisition-Corp.-Announce-Merger-and-Commitments-for-200-Million-in-a-PIPE-Combined-Company-Expected-to-be-Listed-on-NYSE/,SPAC The Lion Electric Company and Northern Genesis Acquisition Corp. Announce Merger and Commitments for $200 Million in a PIPE; Combined Company Expected to be Listed on NYSE
https://techcrunch.com/2020/11/19/fireeye-acquires-respond-software-for-186m-announces-400m-investment/,"FireEye acquired Respond Software, a Mountainview, Calif.-based cybersecurity company, for nearly $200 million. Respond investors included CRV, Foundation Capital, and ClearSky."
https://www.prnewswire.com/news-releases/clearlake-capital-to-acquire-nthrives-technology-division-301176847.html,"Clearlake Capital Group agreed to acquire  nThrive’s Technology Division, a healthcare revenue cycle management  platform from nThrive Holdings. Financial terms weren't disclosed."
https://fortune.com/newsletter/termsheet/,"AEGIS Hedging Solutions, backed by Trilantic North America, acquired Nexidus Commodities, a commodity trading advisor and pioneer in metals hedging. Financial terms weren't disclosed."
https://www.reuters.com/article/us-kkr-investment/kkr-to-acquire-animal-health-firm-argenta-for-about-100-million-idUSKBN27Y1JE,"KKR agreed to acquire Argenta, a New Zealand-based animal health-focused pharma services platform, from the Tomlinson Group, who will retain a stake. Financial terms weren't disclosed."
http://www.businesswire.com/news/home/20201130005359/en/CAI-International-Inc.-Announces-Agreement-to-Sell-Its-Remaining-Railcar-Fleet-and-Provides-a-Container-Market-Update---Expects-40-Growth-in-Q4-Net-Income-from-Continuing-Operations/,"CAI International, Inc. Announces Agreement to Sell Its Remaining Railcar Fleet and Provides a Container Market Update - Expects 40%+ Growth in Q4 Net Income from Continuing Operations"
https://sgbonline.com/gsm-outdoors-acquired-by-gridiron-capita/,"Gridiron Capital acquired GSM Outdoors, an Irving, Texas-based retailer of supplies for hunters and outdoors activities, from Sentinel Capital Partners. Financial terms weren't disclosed."
https://www.bloomberg.com/news/articles/2020-11-26/advent-is-said-to-revive-unit4-sale-plans-after-spac-approach?srnd=deals,"Advent International is planning to revive sales talks of Unit4, a Netherlands-based software company that could be valued at above $2.3 billion, per Bloomberg citing sources. Read more."
https://techcrunch.com/2020/11/20/india-approves-reliances-3-4-billion-deal-with-future-group-brings-a-new-headache-to-amazon/,"The Competition Commission of India, India’s antitrust watchdog, approved Reliance Retail’s $3.4 billion deal to acquire assets of Future Group, a rival retailer backed by Amazon. Read more."
https://www.pehub.com/pe-backed-young-innovations-buys-preat/,"Young Innovations Inc, a portfolio company of The Jordan Company, has acquired Santa Maria, California-based Preat Corporation, a provider of dental implant components, attachments and tools."
https://www.bizjournals.com/tampabay/news/2020/11/23/valet-living-acquired-by-gi-partners.html?ana=brss_1028,"GI Partners acquired Valet Living, a Tampa, Fla.-based amenity service provider to property owners and residents, from Ares Management and Harvest Partners. Financial terms weren't disclosed."
http://www.iosconews.com/news/state/article_67a44288-b66e-5eed-beb3-5a5f28336605.html,"SyBridge Technologies, backed by Crestview Partners, acquired X-Cell Tool and Mold, a Fairview, Penn.-based medical tooling industry and supplements company. Financial terms weren't disclosed."
https://www.prnewswire.com/news-releases/turnspire-capital-partners-completes-acquisition-of-goodyear-air-springs-301178644.html,"Turnspire Capital Partners acquired the Goodyear Air Springs, a Fairlawn, Oh.-based provider of air springs to vehicles from EnPro Industries, Inc. (NYSE: NPO). Financial terms weren't disclosed."
https://www.bizjournals.com/washington/news/2020/11/23/merck-to-acquire-rockville-biopharma-for-425m.html?ana=brss_1028,"Merck (NYSE: MRK) agreed to acquire OncoImmune, a Rockville, Md.-based biopharmaceutical company with a Covid-19 drug, for $425 million in cash. Firms including 3E Bioventures Capital backed OncoImmune."
https://www.reuters.com/article/us-baidu-m-a-iqiyi-exclusive/exclusive-alibaba-tencent-put-talks-to-buy-iqiyi-stake-on-hold-due-to-price-regulatory-concerns-sources-idUSKBN2870SI,"Alibaba and Tencent’s separate talks to acquire a controlling stake in iQIYI (Nasdaq: IQ) from Baidu, though those conversations have stalled over valuation and regulatory concerns, per Reuters. Read more."
https://seekingalpha.com/news/3638992-insu-acquisition-ii-to-take-digital-auto-insurer-metromile-public-in-956m-deal,"SPAC,Metromile, a San Francisco-based digital auto insurer, will combine with Insurance Acquisition Corp. II, a SPAC sponsored by Cohen & Company. The combined firm will have an estimated value of $1.3 billion."
https://www.reuters.com/article/us-uphealth-cloudbreak-gigcapital2/gigcapital2-to-merge-with-two-telehealth-firms-in-1-35-billion-deal-sources-idUSKBN2830NO,"SPAC,  UpHealth Holdings and Cloudbreak Health, two digital healthcare companies, agreed to merge with GigCapital2, a SPAC, Reuters reports citing sources. The deal values the company at $1.35 billion. Read more."
https://fortune.com/newsletter/termsheet/,"SmartWave Technologies, a portfolio company of Northlane Capital Partners, acquired Multi-Tech Systems, a Mounds View, Mn.-based supplier of industrial communication devices and services. Financial terms weren't disclosed."
https://www.bloomberg.com/news/articles/2020-11-18/serie-a-is-said-to-near-sale-of-2-billion-stake-to-cvc-advent,"CVC Capital Partners, Advent International and FSI agreed on Thursday to acquire a 10% stake in a new media business created by Serie A, the Italian soccer league. They agreed to pay €1.7 billion (about $2 billion). Read more."
https://techcrunch.com/2020/11/23/avepoint-to-go-public-via-spac-valued-at-2b/,"SPAC,  AvePoint, a Jersey City-based data management provider for the Microsoft cloud backed by Sixth Street, agreed to combine with Apex Technology Acquisition (NASDAQ: APXT), a SPAC. The deal values the combined firm at $2 billion."
https://www.eschoolnews.com/2020/11/20/goguardian-and-pear-deck-merge-to-expand-k-12-classroom-management-offerings/,"GoGuardian, backed by Sumeru Equity Partners, merged with Pear Deck, a Iowa City, Ia.-based platform for online learning. Pear Deck was backed by investors including Growth Street Partners and Village Capital. Financial terms weren't disclosed."
https://fortune.com/newsletter/termsheet/,"Alliance Holdings, backed by Align Capital Partners, acquired Blue Mountain Environmental Management , a Decatur, Ala.-based provider of emission testing services to those in the Northeastern and Midwestern U.S. Financial terms weren't disclosed."
https://www.pehub.com/clearlake-to-acquire-primesource-from-platinum-equity/,"Clearlake Capital Group agreed to acquire PriSo Holding Corporation,  a distributor of specialty building materials serving residential, commercial, and industrial new-construction and remodeling markets, from Platinum Equity. Financial terms weren't disclosed."
https://www.prnewswire.com/news-releases/nuance-announces-sale-of-him-transcription-and-ehr-go-live-services-businesses-to-accelerate-growth-as-conversational-ai-market-leader-301176427.html,"DeliverHealth Solutions, formed by Assured Healthcare Partners and Aeries Technology Group, acquired Nuance Communications’ (Nasdaq: NUAN) health information management transcription business and the Electronic Health Record business. Financial terms weren't disclosed."
http://www.businesswire.com/news/home/20201123006133/en/Elion-Partners-Expands-Last-Mile-Logistics-Portfolio-with-Acquisition-in-Pompano-Beach-FL/,"DeliverHealth Solutions, formed by Assured Healthcare Partners and Aeries Technology Group, acquired Nuance Communications’ (Nasdaq: NUAN) health information management transcription business and the Electronic Health Record business. Financial terms weren't disclosed."
https://www.businesswire.com/news/home/20201110005440/en/HST-Pathways-and-Casetabs-Merge-and-Secure-Majority-Investment-Led-by-Bain-Capital-Tech-Opportunities,"Bain Capital Tech Opportunities acquired and merged HST Pathways and Casetabs, two Lafayette, Calif., and Boston, Mass.-based providers of cloud-based practice management software for ambulatory surgery centers. Nexxus Holdings also invested. Financial terms weren't disclosed."
http://www.globenewswire.com/news-release/2020/11/12/2125894/0/en/Epiq-Expands-its-Legal-Transformation-Services-Offerings-with-Acquisition-of-Hyperion-Global-Partners.html,"NEW YORK, Nov.  12, 2020  (GLOBE NEWSWIRE) -- Epiq, a global leader in the legal services industry, announced today that it is has acquired Hyperion Global Partners (Hyperion), the premier global business and technology advisory practice for legal operations and transformation."